{"He":[0.9988851813924765,0.984347986932418,0.9221066012759096,0.8354835516319993,0.7380563589278192,0.6223385897789987,0.4662935250871317,0.23974898026197716,0.03120389384804017,2.0779244759348486e-5,-2.2173546036141352e-8,-2.2173546036141352e-8,-2.2173546036141352e-8,-2.2173546036141352e-8,-2.2173546036141352e-8,-2.2173546036141352e-8,-2.2173546036141352e-8,-2.2173546036141352e-8,-2.2173546036141352e-8,-2.2173546036141352e-8,-2.2173546036141352e-8,-2.2173546036141352e-8,-2.2173546036141352e-8,-2.2173546036141352e-8,-2.2173546036141352e-8,-2.2173546036141352e-8,-2.2173546036141352e-8,-2.2173546036141352e-8,-2.2173546036141352e-8,-2.2173546036141352e-8,-2.2173546036141352e-8,-2.2173546036141352e-8,-2.2173546036141352e-8,-2.2173546036141352e-8,-2.2173546036141352e-8,-2.2173546036141352e-8,-2.2173546036141352e-8,-2.2173546036141352e-8,-2.2173546036141352e-8,-2.2173546036141352e-8],"a":[0.0003332222592469177,0.00036125588140822245,0.0003892895035695272,0.000417323125730832,0.0004453567478921367,0.00047339037005344147,0.0005014239922147462,0.000529457614376051,0.0005574912365373557,0.0005855248586986605,0.0006135584808599653,0.00064159210302127,0.0006696257251825748,0.0006976593473438795,0.0007256929695051843,0.000753726591666489,0.0007817602138277937,0.0008097938359890985,0.0008378274581504033,0.000865861080311708,0.0008938947024730128,0.0009219283246343175,0.0009499619467956223,0.000977995568956927,0.0010060291911182318,0.0010340628132795365,0.0010620964354408414,0.001090130057602146,0.0011181636797634507,0.0011461973019247557,0.0011742309240860603,0.001202264546247365,0.00123029816840867,0.0012583317905699746,0.0012863654127312793,0.0013143990348925842,0.001342432657053889,0.0013704662792151936,0.0013984999013764983,0.0014265335235378032],"H":[1.0,1.0,0.9999999850988388,0.9999999348074198,0.9999997012782842,0.999998617277015,0.9999935687228572,0.9999699480431445,0.9998590059026355,0.99933653070525,0.9968793047560212,0.985537519396388,0.9471803578112055,0.8643841069150647,0.7490343472437346,0.6228879135125245,0.5016499922314142,0.3934250525334498,0.3014200447855861,0.2261366304402295,0.16654879725160535,0.12076188316992828,0.08648546937128426,0.06139195302925683,0.04335918057784796,0.030594389949562168,0.02166597519660007,0.015477407733270053,0.011214481665777778,0.008286634015729976,0.006273444209649155,0.004880656073154807,0.003906043022392114,0.0032127085454767656,0.0027093484397547898,0.002335593002673438,0.002051592390300715,0.0018309011734231838,0.0016557738670215994,0.0015141215183580136],"T4":[8192.73,7556.970392725801,7012.775774758133,6541.693550337334,6129.917224609321,5766.910720409897,5444.494165390505,5156.220112571652,4896.937962570236,4662.483512770874,4449.453613897773,4255.039903303635,4076.9043024081257,3913.0845310015898,3761.9215215237073,3622.003031582011,3492.119388671479,3371.2284271286444,3258.427464321564,3152.930720730866,3054.0509888326806,2961.184646412565,2873.799323445259,2791.4236901008235,2713.6389521317196,2640.0717296290622,2570.3880635536325,2504.2883470298193,2441.503019108558,2381.788890460341,2324.9259953912742,2270.7148842749825,2218.974286153023,2169.53908377648,2122.258553425748,2076.9948299780226,2033.6215642960258,1992.0227453997281,1952.0916642989741,1913.73]}